No.,Ticker,Perf Week,Perf Month,Perf Quart,Perf Half,Perf Year,Perf YTD,Volatility W,Volatility M,Recom,Avg Volume,Rel Volume,Price,Change,Volume
2,VTRS,-4.66%,-3.29%,-20.05%,-4.76%,-36.80%,-30.45%,2.72%,2.98%,2.60,11.16M,0.94,9.62,2.23%,"4,586,017"
3,LUMN,-6.03%,-9.46%,-17.56%,-9.46%,-20.28%,-22.95%,2.79%,2.38%,3.40,10.03M,0.77,9.77,1.09%,"3,386,278"
4,AMCR,-3.34%,-3.42%,-12.16%,9.82%,-6.55%,-1.33%,2.09%,2.19%,3.00,9.46M,0.72,11.99,1.18%,"2,996,888"
5,WBD,-4.32%,-13.43%,-25.04%,-50.57%,-55.39%,-46.35%,3.83%,4.81%,2.40,24.33M,0.59,12.85,1.74%,"6,297,620"
6,HPE,-4.15%,-8.43%,-13.60%,-16.61%,-15.05%,-16.61%,2.55%,2.35%,2.50,10.29M,0.72,13.22,0.49%,"3,222,118"
7,HBAN,-2.23%,-2.08%,-3.87%,-6.53%,-13.64%,-14.59%,2.62%,1.99%,2.60,12.03M,0.59,13.35,1.37%,"3,098,531"
8,AAL,-2.15%,-10.31%,-18.90%,2.96%,-31.75%,-26.39%,3.90%,3.22%,3.00,32.89M,1.01,13.41,1.48%,"14,528,900"
9,NCLH,-1.84%,0.83%,-15.43%,-13.39%,-45.90%,-35.78%,6.34%,5.53%,2.40,21.08M,1.01,13.60,2.12%,"9,342,373"
10,F,-3.47%,-1.76%,11.66%,-5.89%,16.60%,-27.64%,3.00%,2.80%,2.70,61.29M,0.83,15.23,1.30%,"22,315,902"
11,IVZ,-3.24%,-8.31%,-13.21%,-11.86%,-33.96%,-28.63%,3.13%,2.36%,-,3.85M,0.76,16.44,0.06%,"1,273,737"
12,NWSA,-4.86%,-3.29%,-5.35%,-18.89%,-27.08%,-26.27%,2.47%,2.74%,1.90,2.72M,0.56,16.66,1.28%,"662,663"
13,T,-5.57%,-8.50%,-19.82%,-5.91%,-19.53%,-9.85%,1.94%,1.48%,2.70,37.53M,1.30,16.92,0.77%,"21,362,445"
14,NWL,-10.67%,-14.26%,-20.15%,-22.54%,-33.44%,-21.79%,3.55%,2.65%,2.40,3.00M,2.01,16.93,-0.85%,"2,642,851"
15,NWS,-4.71%,-2.33%,-5.09%,-18.18%,-24.13%,-25.38%,2.49%,2.44%,-,611.93K,1.21,16.95,0.95%,"324,157"
16,DISH,-3.81%,-13.23%,-22.58%,-43.47%,-63.33%,-48.64%,4.57%,4.21%,2.20,3.72M,0.42,17.03,2.22%,"676,582"
17,HST,-5.40%,-5.40%,-19.66%,2.60%,5.13%,-2.24%,3.21%,2.48%,2.20,7.92M,0.74,17.20,1.18%,"2,578,406"
18,KEY,-3.83%,-4.10%,-11.90%,-21.70%,-13.62%,-25.12%,2.57%,2.15%,2.70,9.54M,0.51,17.53,1.21%,"2,120,601"
19,KMI,-6.18%,1.72%,-10.21%,-5.07%,8.75%,12.04%,2.66%,1.89%,2.90,15.21M,0.75,17.76,-0.07%,"4,987,156"
20,RF,-3.36%,-1.59%,-3.54%,-1.18%,6.60%,-3.62%,2.52%,1.98%,2.20,6.97M,0.74,21.31,1.43%,"2,252,448"
22,NLOK,-3.03%,-8.67%,-10.30%,-22.01%,-18.95%,-14.90%,2.50%,2.10%,2.40,5.96M,0.87,22.53,1.92%,"2,258,651"
23,PARA,-5.92%,-5.61%,-24.72%,-31.68%,-44.53%,-24.12%,4.17%,3.92%,2.90,9.03M,0.73,23.19,1.27%,"2,888,424"
24,BKR,-5.11%,3.45%,-33.94%,-28.44%,7.47%,3.45%,3.56%,3.42%,2.00,9.74M,1.33,24.07,-3.31%,"5,655,221"
25,MRO,-4.74%,17.23%,-18.75%,4.89%,119.43%,55.42%,3.67%,3.88%,2.30,17.08M,0.81,25.02,-1.96%,"6,078,711"
26,BEN,-0.77%,-6.29%,-3.25%,-4.78%,-19.03%,-22.63%,2.06%,1.86%,3.30,2.73M,0.77,25.78,-0.50%,"916,248"
27,DXC,8.24%,3.37%,-25.42%,-8.81%,-26.71%,-17.99%,5.32%,3.49%,2.80,1.80M,1.18,26.10,-1.14%,"924,633"
28,VNO,-1.09%,-4.77%,-20.47%,-39.04%,-37.08%,-37.08%,2.84%,2.58%,3.10,2.01M,0.50,26.36,0.08%,"441,454"
29,PEAK,-2.06%,-1.28%,-8.14%,-18.63%,-28.01%,-27.49%,2.27%,2.06%,2.30,4.10M,0.23,26.41,0.92%,"413,499"
30,AES,2.24%,7.56%,14.71%,19.11%,5.72%,7.20%,2.32%,2.29%,1.80,5.40M,0.99,26.72,2.55%,"2,333,032"
31,HPQ,-13.32%,-18.61%,-30.85%,-23.36%,-8.47%,-27.45%,3.73%,2.99%,3.10,8.97M,1.03,27.03,-1.08%,"4,024,007"
32,IPG,-4.69%,-6.96%,-13.79%,-16.15%,-27.61%,-27.90%,2.37%,2.06%,2.30,3.17M,0.60,27.41,1.50%,"835,488"
33,NLSN,0.04%,20.92%,9.94%,66.93%,32.79%,35.84%,0.20%,0.51%,2.90,3.70M,0.22,27.86,0.00%,"352,952"
34,JNPR,-5.48%,-1.00%,-9.58%,-15.98%,-4.21%,-22.26%,2.81%,2.45%,2.70,3.56M,0.56,27.88,0.43%,"876,453"
35,FCX,-10.73%,-7.10%,-34.08%,-40.10%,-21.72%,-32.20%,3.91%,3.50%,2.30,20.08M,0.73,28.13,0.04%,"6,434,520"
36,OGN,-2.18%,-8.86%,-23.38%,-25.27%,-19.38%,-5.71%,2.62%,2.04%,2.50,1.51M,0.99,28.75,0.14%,"649,253"
37,HAL,-7.46%,6.23%,-28.56%,-18.54%,46.36%,29.08%,4.10%,3.68%,2.10,10.83M,0.62,28.82,-2.39%,"2,920,952"
38,CTRA,-7.46%,6.21%,-17.48%,11.57%,77.50%,61.14%,3.70%,3.48%,2.40,9.70M,0.67,29.02,-0.46%,"2,839,755"
39,PPL,-3.55%,2.67%,-3.84%,10.21%,-4.22%,-4.13%,1.86%,1.64%,2.40,5.28M,0.61,29.31,1.70%,"1,406,176"
40,NI,-2.70%,0.17%,-7.05%,-1.96%,17.80%,6.92%,1.90%,1.65%,1.90,3.91M,0.41,30.08,1.90%,"708,314"
42,FOX,-3.72%,-1.45%,-3.29%,-19.67%,-10.49%,-10.85%,2.17%,2.07%,-,1.03M,0.71,30.92,1.21%,"322,463"
43,PENN,-3.95%,-9.63%,-8.86%,-24.57%,-62.20%,-40.48%,4.53%,4.34%,2.10,3.25M,0.79,31.32,1.49%,"1,125,022"
44,XRAY,-6.11%,-15.69%,-23.18%,-39.69%,-50.25%,-44.33%,2.80%,2.42%,2.50,1.93M,0.59,31.49,1.37%,"493,065"
45,SYF,-5.29%,-8.55%,-13.38%,-10.82%,-34.57%,-33.18%,3.19%,2.65%,2.30,5.78M,0.47,31.54,1.74%,"1,198,659"
46,DAL,-2.62%,-5.31%,-20.03%,3.59%,-22.51%,-20.19%,3.43%,2.71%,1.80,12.43M,0.66,31.60,1.31%,"3,604,254"
47,CSX,-3.76%,-4.89%,-2.02%,-14.91%,-1.59%,-16.25%,2.32%,1.87%,2.10,14.79M,0.77,31.73,0.75%,"4,980,401"
48,CNP,-1.22%,0.73%,0.51%,10.34%,22.21%,13.58%,1.95%,1.73%,1.90,3.68M,0.47,32.28,1.83%,"763,284"
49,MGM,-2.90%,-5.59%,-7.19%,-12.57%,-22.97%,-26.98%,3.92%,3.11%,2.10,5.12M,0.54,33.11,1.04%,"1,208,955"
50,WMB,-5.87%,2.95%,-11.33%,-0.69%,32.84%,27.38%,2.26%,1.96%,2.10,7.93M,0.85,33.15,-0.05%,"2,936,765"
51,GLW,-4.57%,-8.41%,-8.64%,-12.07%,-16.97%,-11.93%,2.48%,2.06%,2.00,4.58M,0.70,33.18,1.19%,"1,406,022"
52,VICI,-1.07%,-3.72%,2.22%,23.86%,3.56%,10.16%,2.08%,1.51%,1.70,12.06M,0.17,33.32,0.45%,"908,039"
53,FOXA,-3.93%,-1.08%,-3.26%,-20.75%,-10.63%,-10.65%,2.17%,2.20%,2.50,2.21M,0.56,33.42,1.36%,"541,423"
54,BAC,-2.48%,-2.65%,-8.55%,-13.77%,-19.46%,-25.69%,2.82%,2.19%,2.20,41.45M,0.85,33.42,1.09%,"15,469,194"
55,WY,-3.65%,-4.44%,-13.82%,-12.76%,-3.77%,-15.58%,2.07%,1.82%,2.20,3.92M,0.42,33.64,0.24%,"715,781"
56,FITB,-3.37%,-4.04%,-15.67%,-20.75%,-13.61%,-23.61%,2.63%,2.19%,2.00,4.35M,0.47,33.72,1.34%,"900,536"
57,TPR,-4.53%,-1.61%,-3.15%,4.39%,-17.35%,-17.41%,3.61%,3.31%,1.90,3.48M,0.55,33.76,0.70%,"838,787"
58,CAG,-3.42%,-1.71%,5.06%,0.42%,1.05%,-0.91%,1.85%,1.58%,2.70,3.60M,0.36,34.35,1.51%,"568,765"
59,HWM,-5.11%,-6.29%,-5.24%,7.13%,10.71%,9.11%,2.69%,1.99%,1.90,2.78M,0.63,34.85,0.35%,"766,171"
60,CMCSA,-4.27%,-9.22%,-17.83%,-24.97%,-43.71%,-30.98%,2.79%,2.29%,2.30,22.92M,1.35,34.99,0.71%,"13,574,211"
62,WBA,-1.78%,-9.41%,-18.60%,-24.84%,-31.14%,-32.29%,2.33%,2.32%,3.10,6.60M,0.86,35.91,1.67%,"2,483,404"
63,CFG,-2.91%,-4.03%,-12.07%,-21.40%,-17.09%,-24.42%,2.50%,2.13%,2.00,4.28M,0.86,35.92,0.59%,"1,612,968"
64,LVS,-6.44%,-7.61%,-0.14%,-1.80%,-17.81%,-5.82%,4.08%,3.39%,2.20,6.13M,0.33,35.95,1.41%,"889,666"
65,APA,-8.56%,19.12%,-22.10%,-0.26%,92.27%,40.65%,4.85%,4.80%,2.30,8.14M,0.79,36.70,-2.96%,"2,816,866"
66,SLB,-7.48%,7.79%,-20.88%,-11.26%,33.00%,24.74%,3.89%,3.41%,-,13.14M,0.82,36.77,-1.58%,"4,700,557"
67,KHC,-1.73%,-0.37%,2.02%,-6.77%,4.47%,4.26%,2.28%,1.66%,2.70,7.35M,1.48,37.16,-0.72%,"4,766,835"
68,BWA,-4.61%,-3.78%,-9.08%,4.05%,-15.53%,-19.15%,2.60%,2.33%,2.40,1.82M,0.74,37.24,2.18%,"583,429"
69,LUV,-1.84%,-5.33%,-17.29%,-1.21%,-24.81%,-14.24%,2.59%,2.37%,1.90,5.63M,0.56,37.29,1.50%,"1,381,318"
70,UAL,1.55%,-3.28%,-18.28%,17.24%,-20.86%,-16.45%,3.80%,3.15%,2.60,10.41M,1.04,37.38,2.17%,"4,751,270"
71,BBWI,-0.85%,-0.13%,0.24%,-18.00%,-43.12%,-46.54%,4.73%,4.61%,-,4.95M,0.35,37.82,1.37%,"752,254"
72,KDP,-3.17%,-2.97%,2.37%,-1.49%,6.61%,1.93%,1.82%,1.66%,2.30,9.78M,0.32,38.03,1.24%,"1,376,225"
73,GM,-2.02%,7.35%,2.33%,-2.81%,-20.71%,-33.98%,3.02%,3.02%,2.00,14.77M,0.97,39.30,1.52%,"6,279,188"
74,WRK,-4.34%,-1.79%,-18.77%,-4.91%,-24.96%,-11.02%,2.80%,2.46%,2.50,1.68M,0.70,39.83,0.91%,"516,623"
75,PHM,-2.69%,-6.06%,-11.77%,-13.96%,-25.44%,-30.35%,2.82%,2.88%,2.40,2.42M,0.59,40.18,0.93%,"629,123"
76,WDC,-8.47%,-13.00%,-31.40%,-12.10%,-33.28%,-37.17%,3.43%,3.14%,2.00,3.45M,1.09,40.63,-0.83%,"1,645,610"
77,CARR,1.41%,-3.77%,1.84%,-7.40%,-29.80%,-25.70%,2.52%,2.08%,2.40,4.53M,0.42,40.64,0.84%,"823,055"
78,TWTR,-3.47%,-9.10%,-2.30%,19.22%,-40.23%,-10.57%,2.44%,2.33%,3.00,14.05M,1.27,40.68,5.26%,"7,793,504"
79,IP,-4.32%,-3.49%,-14.66%,-1.59%,-29.46%,-14.15%,2.26%,1.79%,2.90,2.80M,0.50,40.74,1.02%,"606,870"
80,FE,-1.14%,3.52%,-5.04%,-10.88%,0.33%,-4.50%,2.01%,1.80%,2.50,3.67M,0.45,40.83,2.79%,"728,790"
82,NRG,-1.69%,6.06%,-11.77%,7.31%,-10.21%,-5.32%,2.11%,2.19%,2.60,3.00M,0.57,41.28,1.20%,"747,751"
83,VFC,-2.85%,-11.87%,-19.45%,-22.27%,-47.20%,-45.03%,2.74%,2.76%,2.50,3.11M,0.82,41.31,2.63%,"1,119,552"
84,VZ,-5.15%,-8.57%,-19.79%,-24.84%,-25.85%,-20.90%,1.81%,1.34%,2.90,19.91M,0.76,41.33,0.57%,"6,611,713"
85,BK,-1.48%,-5.43%,-10.47%,-17.74%,-23.72%,-29.17%,2.32%,1.97%,2.60,3.51M,1.12,41.97,2.02%,"1,722,378"
86,NEM,-2.57%,-6.83%,-38.54%,-46.42%,-30.10%,-32.75%,2.89%,2.62%,2.00,8.96M,0.85,42.32,1.46%,"3,320,632"
87,RCL,-0.85%,5.44%,-26.36%,-33.90%,-47.34%,-45.60%,6.06%,5.29%,2.40,7.50M,0.64,42.86,2.46%,"2,083,835"
88,WFC,-2.37%,-2.01%,-4.96%,-6.40%,-2.92%,-10.63%,2.77%,2.12%,2.00,18.59M,0.58,43.33,1.05%,"4,712,552"
89,EBAY,-3.19%,-8.97%,-9.71%,-21.53%,-43.76%,-35.28%,2.77%,2.71%,2.60,5.81M,0.66,44.33,2.99%,"1,667,136"
90,MO,-2.49%,1.07%,-16.83%,-15.67%,-12.56%,-5.95%,2.02%,1.35%,2.60,10.60M,0.79,44.38,-0.43%,"3,662,257"
91,CZR,-1.22%,-8.54%,-16.70%,-37.39%,-57.90%,-53.38%,5.28%,4.57%,2.00,3.54M,0.46,44.39,1.81%,"716,097"
92,PNR,-2.68%,-10.65%,-13.78%,-19.55%,-43.66%,-39.93%,2.35%,2.37%,2.70,1.34M,0.67,44.52,1.48%,"390,492"
93,CSCO,-2.71%,-1.20%,-1.90%,-20.00%,-25.16%,-29.82%,2.50%,1.78%,2.50,20.04M,0.50,44.77,0.67%,"4,394,848"
94,EXC,-2.47%,-1.97%,-9.60%,0.14%,23.55%,6.56%,2.41%,1.86%,2.20,6.20M,1.18,45.05,2.64%,"3,198,455"
95,ALK,-1.66%,-5.69%,-10.13%,0.48%,-23.13%,-15.74%,3.07%,2.56%,1.90,1.52M,1.04,45.21,2.98%,"690,367"
96,USB,-1.69%,-4.37%,-13.26%,-14.65%,-19.29%,-19.32%,2.07%,1.71%,2.60,6.35M,0.63,45.69,0.82%,"1,754,065"
97,PFE,-1.02%,-7.12%,-14.08%,-4.63%,-2.31%,-22.51%,2.38%,1.93%,2.30,18.72M,0.83,45.74,-0.05%,"6,808,689"
98,UDR,1.27%,-1.45%,-0.71%,-20.00%,-16.78%,-23.19%,2.24%,1.97%,2.20,1.99M,0.56,46.49,0.89%,"491,479"
99,TFC,-4.01%,-8.14%,-7.03%,-18.16%,-18.48%,-21.40%,2.58%,1.90%,2.50,5.47M,0.52,46.74,1.58%,"1,240,219"
100,LNC,-2.48%,0.22%,-19.09%,-20.85%,-31.85%,-32.55%,2.96%,2.74%,2.60,1.67M,0.66,46.77,1.59%,"485,601"
102,IR,-0.38%,-4.26%,-3.37%,6.17%,-9.95%,-22.95%,2.57%,2.34%,2.10,3.07M,0.61,47.81,0.30%,"820,533"
103,VTR,-0.70%,-1.82%,-13.36%,-14.06%,-14.65%,-5.99%,2.29%,2.17%,2.10,1.76M,0.49,48.25,0.40%,"377,133"
104,C,-2.33%,-6.66%,-6.19%,-13.20%,-32.25%,-20.15%,2.48%,2.00%,2.40,19.26M,0.86,48.33,0.22%,"7,201,926"
105,CPB,-4.56%,-1.23%,6.32%,7.23%,13.38%,12.31%,2.82%,1.71%,3.20,2.39M,1.05,48.89,0.16%,"1,096,551"
106,DOW,-9.30%,-5.63%,-27.55%,-16.20%,-21.78%,-14.33%,3.11%,2.19%,2.70,6.04M,0.66,48.94,0.72%,"1,746,506"
107,KR,0.46%,2.69%,-6.96%,-16.08%,4.01%,7.20%,2.27%,2.03%,2.80,5.35M,0.63,48.98,0.95%,"1,483,610"
108,MAS,-3.01%,-6.56%,-13.58%,-5.14%,-19.50%,-29.85%,2.49%,2.45%,2.50,1.95M,0.50,49.90,1.30%,"428,059"
109,FTNT,1.97%,-7.01%,-16.41%,-14.80%,-22.47%,-30.93%,2.94%,2.61%,2.00,5.40M,0.80,49.91,0.52%,"1,883,418"
110,FAST,-1.39%,-5.00%,-8.09%,-7.02%,-10.00%,-21.48%,2.32%,1.94%,3.00,3.14M,0.73,50.60,0.60%,"997,440"
111,TAP,-2.93%,-4.48%,-4.46%,0.17%,9.94%,11.43%,2.29%,1.95%,2.90,1.50M,0.42,51.85,0.40%,"275,301"
112,IRM,-4.22%,-1.09%,-2.56%,1.29%,4.76%,-1.15%,2.73%,2.19%,2.10,1.63M,0.38,52.19,0.90%,"270,938"
113,LKQ,-4.79%,-6.92%,-1.95%,19.62%,0.85%,-14.59%,2.71%,1.93%,1.70,1.46M,1.07,52.35,2.11%,"679,237"
114,MOS,-10.49%,3.43%,-9.32%,-11.66%,67.99%,37.46%,4.12%,3.40%,2.50,6.01M,0.54,53.12,-1.65%,"1,420,166"
115,SEE,-3.69%,-5.43%,-17.50%,-14.03%,-14.31%,-22.25%,2.42%,2.26%,2.40,974.01K,0.35,53.21,1.43%,"148,696"
116,AIG,-0.83%,1.02%,-11.24%,-4.23%,-4.97%,-7.91%,2.66%,2.13%,2.40,4.57M,0.89,53.37,1.93%,"1,782,781"
117,PVH,-14.76%,-16.37%,-24.24%,-19.63%,-53.26%,-49.52%,6.51%,4.46%,2.50,1.23M,1.15,54.04,0.37%,"617,034"
118,MTCH,-6.82%,-20.58%,-35.08%,-39.64%,-63.68%,-59.30%,4.57%,4.19%,1.80,3.09M,0.75,54.92,2.02%,"1,018,450"
119,DD,-6.37%,-7.86%,-19.83%,-21.46%,-24.74%,-32.84%,3.12%,2.45%,2.20,2.81M,0.51,55.06,1.49%,"623,605"
120,MU,-3.12%,-11.58%,-21.60%,-27.04%,-25.17%,-40.71%,3.80%,3.52%,2.10,16.82M,1.00,55.17,-0.12%,"7,349,877"
122,L,-2.04%,0.38%,-14.20%,-7.29%,1.04%,-4.21%,1.97%,1.48%,3.00,864.08K,0.74,55.71,0.69%,"279,438"
123,JCI,1.03%,-0.20%,-0.02%,-8.82%,-26.70%,-32.37%,2.83%,2.36%,-,4.08M,0.87,55.90,1.65%,"1,554,863"
124,AOS,-3.14%,-7.77%,-9.67%,-16.98%,-23.69%,-34.90%,2.07%,2.02%,2.60,891.51K,0.74,56.43,0.97%,"290,399"
125,BAX,-4.09%,-6.71%,-24.61%,-35.68%,-33.91%,-36.32%,2.67%,2.33%,2.10,3.11M,1.94,57.58,5.34%,"2,636,228"
126,BALL,-2.22%,-1.45%,-24.71%,-38.08%,-42.97%,-42.31%,2.33%,2.64%,2.40,2.40M,0.90,57.61,3.73%,"940,498"
127,WYNN,-6.75%,-12.76%,-12.93%,-19.25%,-41.97%,-31.56%,4.40%,3.72%,2.40,2.74M,0.44,59.08,1.52%,"531,934"
128,DRE,-2.68%,-5.73%,10.47%,7.41%,9.21%,-10.79%,2.64%,2.09%,-,2.66M,0.51,59.19,1.08%,"596,346"
129,OKE,-7.66%,1.73%,-11.29%,-13.06%,12.02%,1.36%,2.43%,2.16%,2.60,2.71M,0.55,59.94,0.64%,"651,367"
130,CDAY,-1.13%,-8.21%,6.47%,-6.07%,-48.52%,-42.85%,4.05%,3.20%,-,1.42M,0.44,60.32,1.04%,"273,540"
131,AFL,-2.12%,0.17%,0.63%,0.85%,6.86%,1.95%,1.88%,1.67%,2.90,2.36M,0.76,60.42,1.50%,"783,214"
132,MDLZ,-3.97%,-5.91%,-3.92%,-4.05%,-2.79%,-9.52%,2.04%,1.63%,1.90,6.46M,0.94,60.42,0.70%,"2,664,368"
133,TRMB,-7.08%,-11.57%,-11.89%,-5.23%,-36.52%,-30.93%,2.96%,2.44%,2.10,1.00M,1.09,60.73,0.85%,"476,569"
134,FBHS,-4.03%,-11.01%,-15.47%,-26.13%,-39.03%,-44.02%,2.68%,2.80%,2.40,1.13M,0.72,61.10,2.11%,"354,233"
135,CTVA,-2.57%,4.18%,-2.27%,17.77%,34.28%,27.58%,2.02%,1.84%,2.30,3.26M,0.43,61.52,1.99%,"608,487"
136,NDAQ,1.54%,-0.12%,18.01%,8.01%,-8.40%,-13.40%,2.07%,1.74%,2.10,2.52M,0.49,61.60,1.62%,"536,577"
137,REG,-1.34%,-2.39%,-5.56%,-6.99%,-11.54%,-18.59%,2.13%,1.73%,2.40,835.69K,0.64,61.60,0.42%,"233,677"
138,KO,-2.47%,-3.47%,-2.69%,0.16%,7.84%,3.33%,1.74%,1.38%,2.10,13.21M,0.78,61.81,1.04%,"4,500,299"
139,LNT,-2.14%,-0.20%,-2.19%,0.66%,-0.50%,-0.50%,2.05%,1.61%,2.50,1.33M,0.48,62.41,2.04%,"275,970"
140,TXT,-3.82%,-3.84%,-8.03%,-8.90%,-14.64%,-19.78%,2.40%,1.94%,-,1.05M,0.38,63.01,1.74%,"173,749"
142,FTV,-1.78%,-3.37%,0.11%,9.16%,-16.46%,-17.33%,2.10%,1.59%,2.10,1.89M,0.37,63.86,1.26%,"309,632"
143,GILD,1.51%,3.76%,2.19%,5.19%,-11.91%,-12.70%,2.17%,1.80%,2.60,6.58M,1.17,64.19,1.27%,"3,358,789"
144,BRO,-1.57%,-2.37%,7.54%,-4.33%,7.50%,-9.85%,2.13%,1.62%,2.60,1.10M,0.43,64.33,1.53%,"205,856"
145,TJX,-0.36%,0.11%,1.88%,7.82%,-11.51%,-17.16%,2.44%,2.72%,2.00,5.73M,0.59,64.59,2.71%,"1,471,988"
146,MCHP,-1.48%,-10.79%,-9.23%,-2.13%,-18.70%,-26.77%,3.35%,3.17%,2.10,4.68M,0.50,64.90,1.80%,"1,026,222"
147,STX,-9.94%,-19.27%,-20.83%,-34.71%,-27.65%,-42.16%,4.12%,3.27%,-,2.01M,0.69,64.99,-0.55%,"605,940"
148,HIG,-1.11%,1.31%,-10.68%,-0.58%,-4.54%,-5.85%,1.94%,1.66%,2.00,1.82M,0.64,65.11,0.17%,"512,207"
149,OXY,-11.13%,13.34%,-3.92%,20.77%,158.02%,130.70%,3.84%,4.28%,2.50,26.98M,0.96,65.58,-1.94%,"11,302,247"
150,MET,-0.58%,2.76%,-2.74%,4.97%,6.26%,4.10%,2.27%,1.75%,1.70,4.19M,0.59,65.87,1.26%,"1,077,219"
151,PEG,-4.35%,-1.87%,-7.11%,-6.17%,-0.95%,-4.80%,2.13%,1.54%,2.10,2.61M,1.39,66.04,3.95%,"1,584,176"
152,WRB,-0.68%,6.26%,-7.49%,11.70%,35.12%,20.53%,1.90%,1.72%,2.30,1.26M,0.41,66.24,0.82%,"228,561"
153,OMC,-3.28%,-4.53%,-9.32%,-12.18%,-10.56%,-9.99%,2.04%,1.78%,2.50,1.37M,0.29,66.62,1.02%,"175,608"
154,ON,-4.99%,-2.34%,0.06%,23.41%,44.50%,-2.75%,4.50%,4.63%,2.00,9.54M,0.48,66.81,1.15%,"2,021,132"
155,HOLX,0.10%,-5.45%,-10.14%,-5.78%,-15.88%,-11.82%,1.87%,1.98%,2.40,1.56M,0.79,67.51,0.00%,"540,848"
156,EIX,-5.43%,-3.50%,-5.09%,-0.48%,12.31%,-3.49%,2.47%,1.89%,2.30,1.60M,0.92,67.54,2.54%,"646,354"
157,O,-3.20%,-6.89%,1.15%,4.76%,-3.23%,-5.36%,1.82%,1.41%,2.30,3.58M,0.60,67.95,0.30%,"936,561"
158,DVN,-6.20%,22.75%,-9.75%,16.11%,145.62%,57.87%,3.94%,3.87%,2.10,12.66M,0.93,68.51,-1.48%,"5,150,488"
159,STT,-0.96%,-3.68%,-4.69%,-12.93%,-26.73%,-26.82%,2.89%,2.10%,2.40,2.25M,0.62,68.72,0.97%,"612,006"
160,CMS,-2.98%,-0.35%,-5.38%,0.58%,3.71%,3.57%,2.05%,1.50%,2.70,1.82M,0.49,68.98,2.39%,"390,834"
162,EVRG,-3.06%,0.28%,-3.38%,5.87%,-0.70%,-0.86%,2.28%,1.59%,2.40,1.05M,0.36,69.46,2.11%,"166,688"
163,INCY,-1.99%,-4.23%,-6.47%,-2.14%,-9.17%,-5.84%,2.42%,2.12%,2.20,1.40M,0.50,70.30,1.72%,"304,488"
164,DHI,-3.02%,-8.33%,-7.42%,-12.61%,-26.30%,-35.46%,2.94%,2.92%,2.00,3.25M,0.44,70.41,0.60%,"623,239"
165,CAH,-0.26%,13.01%,29.34%,32.58%,29.59%,35.00%,2.30%,2.77%,2.80,2.55M,0.53,70.50,1.42%,"588,906"
166,NTAP,-3.74%,-2.31%,-0.24%,-10.07%,-22.61%,-23.14%,2.30%,2.22%,2.40,1.45M,0.44,70.64,-0.08%,"280,838"
167,SCHW,-2.04%,1.67%,3.54%,-7.71%,-2.25%,-16.21%,3.05%,2.51%,2.00,7.71M,0.65,71.22,1.06%,"2,192,705"
168,HSIC,-4.22%,-5.84%,-15.66%,-18.28%,-9.44%,-8.45%,1.67%,1.72%,2.90,809.76K,0.63,71.83,1.20%,"224,669"
169,BF-B,-5.72%,-5.97%,6.97%,4.83%,1.52%,-2.51%,2.77%,1.88%,3.20,1.03M,0.41,71.86,1.18%,"186,880"
170,BBY,-3.15%,-6.55%,-9.95%,-31.83%,-37.40%,-29.74%,4.64%,3.55%,2.80,3.14M,0.43,71.95,0.80%,"596,117"
171,OTIS,-2.69%,-9.13%,-4.15%,-2.99%,-21.50%,-17.22%,2.40%,1.68%,2.40,2.14M,0.59,72.44,0.50%,"553,854"
172,GE,-5.12%,-2.96%,-6.29%,-15.48%,-31.11%,-23.62%,2.98%,2.47%,2.10,6.47M,0.38,72.50,0.47%,"1,067,168"
173,K,-2.61%,-3.69%,5.58%,9.60%,13.92%,12.19%,1.99%,1.48%,3.10,2.51M,0.55,72.74,0.65%,"607,574"
174,TSN,-5.92%,-16.46%,-16.48%,-21.07%,-6.61%,-16.18%,2.16%,1.91%,2.50,1.85M,0.82,73.39,0.45%,"665,931"
175,APH,-2.59%,-6.09%,2.20%,0.00%,-5.48%,-16.74%,2.12%,1.65%,2.10,1.88M,0.41,73.74,1.26%,"334,026"
176,ORCL,-0.49%,-4.55%,1.18%,-0.66%,-17.97%,-15.34%,2.19%,1.59%,2.70,7.37M,0.52,73.99,0.21%,"1,663,454"
177,PFG,-1.69%,9.10%,3.76%,15.63%,12.77%,2.90%,2.04%,2.17%,3.10,1.52M,0.99,74.64,0.28%,"656,910"
178,GIS,-2.49%,-1.14%,9.50%,11.28%,30.34%,11.75%,1.94%,1.53%,3.10,3.68M,0.94,75.35,0.06%,"1,515,668"
179,EQR,0.27%,-0.40%,1.45%,-14.64%,-12.47%,-17.22%,2.18%,1.96%,2.60,1.51M,0.38,75.61,0.92%,"249,578"
180,PNW,-2.11%,-1.18%,-4.57%,-1.11%,-3.43%,5.58%,1.82%,1.50%,3.50,821.46K,0.32,75.97,1.93%,"113,265"
182,WELL,-0.81%,-5.45%,-12.46%,-12.24%,-12.07%,-11.06%,1.84%,1.98%,2.00,2.29M,0.39,76.58,0.40%,"394,488"
183,LEN,-4.21%,-9.67%,-5.58%,-8.07%,-27.53%,-34.11%,2.97%,2.76%,2.30,2.82M,0.39,77.06,0.68%,"476,737"
184,RHI,-0.48%,-2.23%,-15.04%,-30.26%,-25.62%,-30.86%,2.61%,2.38%,3.10,962.52K,0.35,77.09,-0.01%,"148,511"
185,ATVI,-2.43%,-4.53%,-1.22%,-4.61%,-5.35%,15.50%,1.07%,0.93%,2.30,4.64M,0.59,77.29,0.59%,"1,204,155"
186,CBRE,-3.12%,-8.36%,-4.68%,-11.00%,-21.93%,-29.08%,2.51%,2.02%,1.90,1.76M,0.35,77.42,0.61%,"269,444"
187,HAS,-2.82%,-0.36%,-12.35%,-12.90%,-21.87%,-23.73%,2.27%,2.13%,1.90,1.01M,0.90,77.91,0.36%,"399,657"
188,CL,-2.29%,-3.31%,-1.28%,1.42%,-0.18%,-8.87%,2.23%,1.49%,2.80,4.35M,0.59,78.11,0.44%,"1,125,208"
189,AMD,-11.04%,-23.06%,-25.49%,-23.54%,-28.38%,-45.30%,4.53%,3.98%,2.10,83.91M,0.94,78.89,0.21%,"34,592,161"
190,SO,-1.14%,0.66%,3.22%,12.35%,17.37%,13.41%,1.99%,1.43%,2.70,4.29M,1.09,79.23,1.87%,"2,049,480"
191,LW,-3.02%,-4.02%,13.06%,48.13%,22.66%,23.05%,2.23%,1.71%,1.70,1.32M,0.35,79.58,2.05%,"202,832"
192,LYB,-6.14%,-5.89%,-26.64%,-10.98%,-11.86%,-8.51%,2.65%,2.18%,2.70,2.22M,0.66,80.72,0.19%,"643,412"
193,CHD,-5.97%,-7.78%,-9.01%,-21.12%,-4.93%,-21.73%,2.16%,1.43%,2.90,1.53M,0.73,81.05,1.02%,"486,056"
194,SYY,-3.19%,-6.75%,-5.06%,3.45%,3.98%,2.39%,1.92%,2.12%,2.30,2.23M,0.40,81.48,1.31%,"388,796"
195,CMA,-1.09%,2.30%,-2.19%,-5.34%,10.62%,-8.06%,2.49%,1.88%,2.20,1.00M,0.49,81.72,2.16%,"214,454"
196,EMR,-3.90%,-9.82%,-9.68%,-11.05%,-22.65%,-12.33%,2.36%,1.93%,2.20,2.71M,1.14,81.79,0.34%,"1,355,993"
197,BXP,0.75%,-6.42%,-23.04%,-33.09%,-28.85%,-29.65%,2.16%,1.99%,2.40,1.20M,0.86,81.81,0.96%,"450,637"
198,CEG,1.56%,10.71%,23.90%,59.26%,-,95.86%,2.88%,2.78%,2.00,2.53M,0.60,82.17,-0.11%,"669,337"
199,D,-2.52%,-1.30%,-1.49%,-2.22%,3.98%,3.74%,1.77%,1.62%,2.30,3.05M,0.86,82.98,1.82%,"1,152,682"
200,MKC,-4.27%,-6.94%,-8.39%,-21.01%,-6.68%,-14.92%,2.26%,1.73%,3.10,1.12M,0.65,83.71,1.84%,"315,262"
202,DXCM,-1.62%,-7.92%,10.73%,-22.03%,-39.51%,-38.89%,3.81%,3.69%,1.60,2.80M,0.53,85.75,4.53%,"652,248"
203,MDT,-3.05%,-7.59%,-9.73%,-19.17%,-35.97%,-16.67%,2.21%,1.83%,2.20,5.35M,1.86,86.19,-0.01%,"4,359,445"
204,PSX,-6.91%,3.58%,-18.17%,5.04%,24.62%,19.74%,3.50%,3.00%,2.00,3.63M,0.64,86.20,-0.65%,"1,017,260"
205,ADM,-5.58%,3.55%,-3.07%,2.06%,42.36%,26.79%,2.74%,2.11%,2.20,2.92M,0.82,86.29,0.69%,"1,050,333"
206,SWK,-5.16%,-11.12%,-29.11%,-44.09%,-55.36%,-54.78%,2.89%,3.31%,2.50,1.90M,0.41,86.40,1.29%,"344,278"
207,RTX,-5.38%,-6.31%,-10.34%,-11.23%,4.20%,1.28%,2.27%,1.92%,2.00,4.40M,1.37,86.43,-0.84%,"2,645,655"
208,MS,-0.26%,-1.16%,0.31%,2.01%,-18.34%,-13.27%,3.26%,2.06%,-,7.79M,0.85,86.52,1.63%,"2,911,520"
209,MRK,-1.34%,-1.13%,-3.81%,11.18%,11.86%,12.76%,1.88%,1.84%,2.20,9.72M,0.50,86.60,0.20%,"2,130,994"
210,SBUX,0.48%,-1.41%,7.01%,0.07%,-27.88%,-27.74%,2.94%,2.00%,2.40,6.71M,1.09,87.10,3.05%,"3,206,504"
211,KMX,-6.14%,-14.16%,-12.70%,-14.88%,-33.05%,-34.63%,3.36%,3.12%,2.00,1.34M,0.86,87.18,2.41%,"505,140"
212,WAB,-3.09%,-8.20%,-7.63%,-2.88%,-3.23%,-5.20%,2.28%,1.89%,2.40,858.72K,0.46,87.63,0.36%,"173,747"
213,PCAR,-2.31%,-4.72%,-2.04%,4.38%,4.62%,-1.62%,1.81%,1.53%,2.40,1.75M,0.67,87.79,1.11%,"512,770"
214,GRMN,-3.07%,-10.05%,-16.08%,-19.19%,-50.15%,-35.53%,2.43%,2.13%,-,1.00M,0.86,89.06,1.45%,"375,191"
215,CNC,-3.40%,-5.07%,6.11%,5.80%,37.22%,7.20%,3.03%,2.17%,1.90,2.89M,0.70,89.06,0.83%,"879,974"
216,NEE,0.40%,-0.69%,8.95%,3.79%,1.96%,-6.42%,2.13%,1.67%,2.10,7.75M,1.13,89.24,2.14%,"3,811,837"
217,DVA,-0.78%,3.01%,-7.89%,-19.38%,-33.22%,-22.42%,3.10%,2.58%,3.10,977.19K,0.39,89.32,1.20%,"164,956"
218,MNST,0.00%,-3.05%,-3.03%,18.12%,-9.21%,-7.76%,2.05%,1.81%,2.20,2.77M,0.40,89.44,0.96%,"480,180"
219,FIS,-3.95%,-8.19%,-15.10%,2.63%,-28.70%,-18.09%,2.36%,2.11%,1.90,3.32M,0.97,89.64,0.27%,"1,405,096"
220,QRVO,-5.33%,-16.30%,-19.15%,-28.20%,-52.09%,-43.22%,3.53%,3.44%,2.70,1.32M,0.39,89.81,1.14%,"224,509"
222,LYV,-3.24%,-8.09%,-6.55%,-11.34%,3.31%,-25.70%,2.80%,2.45%,2.10,1.37M,0.57,89.87,1.06%,"340,571"
223,AKAM,-3.42%,-7.92%,-11.92%,-20.86%,-22.10%,-24.26%,2.66%,2.44%,2.30,1.55M,0.50,89.96,1.47%,"342,501"
224,ROST,-0.28%,2.96%,6.63%,1.88%,-24.84%,-24.12%,2.73%,3.01%,2.30,2.90M,0.60,90.21,4.03%,"756,039"
225,EMN,-5.63%,-5.73%,-19.48%,-14.81%,-20.33%,-25.83%,3.19%,2.26%,2.40,993.47K,0.73,90.24,0.62%,"317,670"
226,EW,-1.44%,-16.08%,-7.62%,-17.80%,-26.44%,-31.25%,2.55%,2.40%,2.00,2.49M,0.97,90.58,1.71%,"1,054,643"
227,RL,-3.90%,-10.70%,-15.43%,-12.13%,-22.06%,-24.70%,3.43%,3.60%,2.60,956.49K,0.52,90.64,1.27%,"216,897"
228,ES,-2.98%,-1.36%,-3.39%,2.87%,-3.09%,-2.01%,2.17%,1.52%,2.60,1.41M,1.13,90.88,1.94%,"700,254"
229,AMAT,-6.47%,-17.63%,-21.49%,-24.27%,-33.53%,-42.62%,3.41%,3.65%,2.00,7.36M,0.53,91.47,1.31%,"1,698,765"
230,CTLT,-3.59%,-19.53%,-20.01%,-9.72%,-36.61%,-30.51%,3.20%,3.15%,1.70,1.12M,1.24,91.53,2.88%,"608,568"
231,PYPL,-1.13%,-3.89%,5.54%,-2.13%,-68.31%,-51.42%,3.49%,3.06%,2.10,14.25M,0.52,93.64,2.21%,"3,269,672"
232,XOM,-5.16%,7.35%,-3.94%,8.99%,73.05%,55.17%,2.67%,2.47%,2.40,23.49M,0.64,93.89,-1.12%,"6,565,195"
233,PM,-2.22%,-3.59%,-11.54%,0.97%,-11.31%,-0.95%,2.00%,1.58%,2.40,4.47M,0.34,93.99,-0.12%,"660,498"
234,LDOS,-3.73%,-6.91%,-11.63%,-12.41%,-5.47%,5.29%,1.91%,1.72%,2.10,703.37K,1.05,94.16,0.60%,"323,822"
235,XYL,0.49%,-4.85%,7.97%,10.94%,-32.60%,-22.87%,2.45%,2.02%,2.70,949.31K,0.48,94.19,1.83%,"201,266"
236,AEE,-3.18%,1.01%,-1.00%,2.96%,4.66%,3.61%,1.95%,1.49%,2.20,1.35M,0.71,94.46,2.43%,"415,445"
237,PRU,-3.88%,-2.41%,-10.59%,-7.71%,-10.21%,-12.99%,2.30%,1.80%,3.10,1.66M,0.64,95.05,0.92%,"464,035"
238,NTRS,-1.46%,-5.95%,-14.81%,-9.77%,-19.97%,-21.48%,2.25%,1.87%,2.50,937.62K,1.09,95.53,1.71%,"448,980"
239,ALLE,-2.15%,-7.42%,-15.56%,-17.51%,-36.11%,-28.54%,2.63%,2.33%,2.60,659.45K,0.85,96.38,1.83%,"245,789"
240,MPC,-6.23%,9.13%,-9.99%,32.09%,69.06%,53.87%,3.18%,2.51%,1.90,6.10M,0.62,97.80,-0.67%,"1,646,413"
242,GL,-0.47%,-0.41%,-0.25%,3.44%,3.38%,4.01%,1.65%,1.44%,2.70,496.98K,0.38,98.29,0.83%,"81,765"
243,DFS,-3.48%,-4.75%,-12.17%,-3.81%,-20.73%,-15.64%,2.67%,2.25%,2.20,1.85M,0.42,98.65,1.19%,"338,724"
244,SWKS,-3.15%,-13.32%,-8.60%,-24.17%,-46.64%,-37.06%,3.40%,3.01%,2.50,1.90M,0.36,98.67,1.04%,"301,484"
245,UHS,-5.01%,-12.80%,-20.58%,-36.03%,-38.40%,-25.78%,2.62%,2.14%,2.90,835.94K,0.41,98.93,2.81%,"148,567"
246,ED,-1.47%,0.58%,-0.36%,8.44%,28.11%,14.57%,1.92%,1.46%,3.40,1.61M,0.58,100.39,2.70%,"406,987"
247,CVS,-1.59%,-3.45%,3.14%,-5.58%,12.87%,-4.29%,2.14%,1.75%,2.10,4.78M,0.90,100.57,1.86%,"1,885,756"
248,EXPD,-2.95%,-2.84%,-8.24%,0.80%,-18.60%,-25.09%,2.30%,1.97%,3.10,1.20M,0.92,100.72,0.13%,"483,350"
249,ICE,-1.65%,-4.87%,-0.94%,-24.53%,-17.52%,-26.95%,2.28%,2.00%,2.10,2.71M,0.62,100.99,1.08%,"740,962"
250,CF,-9.19%,2.87%,9.13%,7.56%,126.55%,45.41%,4.33%,3.48%,2.60,3.01M,0.69,101.22,-1.65%,"903,923"
251,EXPE,-2.41%,-1.63%,-24.37%,-35.77%,-29.30%,-44.20%,3.68%,3.50%,2.50,2.82M,0.43,101.71,0.85%,"527,635"
252,SPG,-2.52%,-5.13%,-7.83%,-21.23%,-25.57%,-36.76%,2.82%,2.23%,2.30,1.92M,0.65,101.75,0.70%,"548,900"
253,FRT,-0.42%,-2.42%,-6.59%,-11.13%,-16.01%,-24.30%,2.29%,1.78%,2.40,571.73K,0.63,103.31,0.12%,"157,926"
254,CTXS,0.53%,0.26%,3.45%,1.52%,0.02%,8.65%,0.63%,0.50%,2.80,1.03M,2.48,103.45,0.66%,"1,119,573"
255,COF,-4.69%,-3.91%,-18.71%,-18.13%,-35.03%,-29.58%,2.93%,2.47%,2.30,2.60M,0.62,103.77,1.57%,"706,830"
256,AEP,-1.33%,2.11%,-0.49%,4.42%,12.33%,14.15%,2.34%,1.71%,2.20,2.60M,1.10,103.91,2.31%,"1,255,517"
257,ABT,0.85%,-5.99%,-11.78%,-13.59%,-20.34%,-27.02%,2.07%,1.68%,2.00,4.64M,0.83,103.99,1.25%,"1,677,793"
258,RJF,-2.06%,1.08%,6.20%,9.08%,11.55%,2.99%,2.30%,1.73%,1.90,1.00M,0.28,104.81,1.36%,"120,897"
259,FISV,0.96%,-1.81%,3.86%,9.73%,-9.94%,0.36%,2.86%,2.05%,2.10,3.33M,0.98,104.85,0.66%,"1,427,035"
260,WEC,-2.02%,-0.06%,-1.20%,7.97%,7.26%,6.17%,2.03%,1.49%,2.60,1.27M,0.72,105.33,2.20%,"399,051"
262,COP,-4.22%,17.00%,-6.74%,8.42%,95.78%,52.12%,3.20%,3.00%,1.90,7.76M,0.83,106.58,-1.89%,"2,807,474"
263,ETSY,-0.63%,-5.05%,23.89%,-24.46%,-52.87%,-52.56%,5.21%,4.68%,2.20,3.75M,0.63,106.62,2.66%,"1,037,633"
264,ZBH,-2.50%,-7.35%,-11.38%,-10.07%,-26.29%,-14.86%,2.24%,1.86%,2.70,1.08M,0.45,106.98,1.95%,"213,808"
265,FMC,-7.07%,-1.22%,-12.82%,-11.67%,10.23%,-4.42%,2.72%,2.32%,2.30,748.74K,0.43,107.42,2.28%,"139,732"
266,CE,-7.55%,-4.08%,-33.24%,-20.42%,-31.46%,-36.73%,3.23%,2.69%,2.40,1.11M,0.68,108.31,1.86%,"327,432"
267,GOOGL,-2.39%,-9.07%,-8.57%,-15.48%,-25.69%,-26.26%,2.65%,2.17%,1.80,32.06M,0.68,108.50,1.58%,"9,566,956"
268,MHK,-3.06%,-11.52%,-25.07%,-14.23%,-45.30%,-41.73%,3.07%,2.99%,3.10,565.81K,0.68,109.00,2.69%,"168,681"
269,DUK,-2.23%,-2.20%,-3.92%,0.06%,1.02%,1.77%,1.90%,1.46%,2.50,2.51M,0.71,109.04,2.14%,"779,483"
270,GOOG,-2.59%,-9.08%,-8.14%,-15.01%,-25.76%,-25.71%,2.63%,2.16%,1.50,26.29M,0.88,109.48,1.86%,"10,114,783"
271,DIS,-3.03%,3.24%,2.10%,-17.54%,-39.18%,-28.92%,2.55%,2.48%,2.00,11.47M,0.55,111.46,1.24%,"2,744,728"
272,IFF,-2.92%,-13.42%,-17.24%,-5.52%,-27.29%,-27.16%,2.50%,2.42%,-,1.16M,0.52,111.74,1.83%,"263,287"
273,VLO,-8.62%,7.42%,-18.68%,34.25%,74.31%,50.15%,3.82%,3.37%,2.00,5.05M,0.58,112.46,-0.28%,"1,273,299"
274,CHRW,-1.85%,2.88%,3.26%,7.39%,25.32%,4.90%,2.11%,2.18%,2.70,1.22M,0.69,112.92,0.02%,"366,795"
275,YUM,0.31%,-4.95%,-5.71%,-0.65%,-14.02%,-18.94%,2.17%,1.74%,2.40,1.52M,0.83,114.61,1.82%,"551,704"
276,JPM,-0.57%,-1.74%,-12.33%,-11.97%,-28.69%,-28.17%,2.41%,2.07%,2.30,12.03M,0.62,115.07,1.17%,"3,274,056"
277,PTC,0.17%,-4.65%,-3.17%,9.39%,-13.75%,-5.32%,2.44%,2.12%,1.90,732.27K,0.57,115.69,0.85%,"183,646"
278,ATO,-1.85%,0.28%,-2.18%,-1.55%,17.14%,9.01%,1.92%,1.43%,2.40,895.78K,0.40,116.15,1.70%,"155,538"
279,ETR,-3.18%,-1.79%,-4.71%,3.37%,2.73%,2.65%,2.20%,1.65%,2.10,1.07M,0.49,117.45,1.58%,"230,412"
280,CPRT,-3.73%,-9.87%,1.33%,6.22%,-20.03%,-23.19%,2.50%,1.99%,1.60,1.00M,0.54,117.49,0.88%,"238,262"
282,HES,-5.66%,16.09%,-5.66%,22.98%,70.85%,61.34%,3.32%,3.09%,2.20,2.09M,0.73,118.29,-0.96%,"667,349"
283,ANET,-3.31%,-7.21%,13.56%,2.71%,29.49%,-18.23%,3.17%,2.40%,2.30,1.87M,0.48,118.57,0.87%,"392,730"
284,TTWO,-2.74%,-6.00%,-5.87%,-24.35%,-25.55%,-32.74%,2.71%,3.23%,1.90,2.06M,0.44,119.63,0.08%,"397,562"
285,MMM,-7.78%,-20.90%,-20.25%,-18.62%,-40.02%,-34.36%,3.48%,2.50%,3.30,7.97M,2.66,119.83,2.77%,"9,257,448"
286,TROW,-0.29%,-5.10%,-5.31%,-11.75%,-45.71%,-39.66%,2.69%,2.49%,3.40,1.55M,0.90,120.10,1.21%,"609,845"
287,DLR,-3.77%,-7.86%,-11.57%,-12.36%,-28.82%,-32.55%,2.62%,2.29%,2.10,1.52M,0.38,120.38,0.91%,"250,925"
288,J,-6.52%,-5.95%,-11.73%,-2.40%,-12.54%,-13.88%,3.05%,2.28%,1.70,500.72K,0.40,120.46,0.45%,"87,752"
289,AME,-2.00%,-5.34%,-2.39%,-7.71%,-11.74%,-18.72%,2.30%,1.67%,2.10,1.00M,0.59,120.75,1.04%,"260,009"
290,PAYX,-4.33%,-6.13%,-3.43%,-0.65%,7.05%,-10.91%,2.60%,1.86%,2.90,1.63M,0.52,122.95,1.10%,"368,703"
291,CBOE,0.96%,0.84%,5.74%,4.35%,-3.77%,-6.83%,2.51%,2.23%,2.50,611.82K,0.47,123.42,1.59%,"124,780"
292,ALL,-2.10%,3.84%,-8.21%,-2.94%,-9.32%,3.26%,1.97%,2.01%,2.40,1.77M,0.52,123.76,1.87%,"402,507"
293,TEL,-2.49%,-7.54%,-6.70%,-3.60%,-17.75%,-23.70%,2.36%,1.94%,-,1.44M,0.52,125.07,1.60%,"326,596"
294,PLD,-2.74%,-5.78%,-3.18%,-16.86%,-10.93%,-26.47%,2.62%,2.07%,2.10,3.34M,0.57,125.20,1.13%,"837,992"
295,PGR,-2.03%,3.55%,2.01%,14.98%,29.16%,19.32%,1.82%,1.53%,3.00,2.67M,0.82,125.43,2.41%,"961,859"
296,EA,-3.76%,-5.91%,-11.13%,-1.21%,-14.92%,-5.44%,2.12%,2.00%,2.00,2.02M,0.96,125.48,0.60%,"850,156"
297,PPG,-1.79%,-2.88%,-2.71%,8.03%,-20.54%,-28.27%,2.56%,2.28%,2.30,1.32M,0.53,125.90,1.79%,"303,805"
298,DRI,-1.19%,-0.30%,-2.15%,4.60%,-16.78%,-18.21%,2.84%,2.35%,2.10,1.19M,0.50,126.30,2.51%,"259,334"
299,IBM,-2.75%,-4.35%,-11.31%,0.52%,-4.95%,-5.19%,1.60%,1.51%,2.70,4.86M,0.35,127.06,0.26%,"742,426"
300,DGX,-1.00%,-10.05%,-7.71%,-7.88%,-19.55%,-27.54%,1.71%,1.87%,2.50,826.89K,0.73,127.14,1.41%,"262,521"
302,AMZN,-2.84%,-10.43%,1.06%,-8.25%,-27.48%,-24.36%,3.55%,2.87%,1.80,63.07M,0.62,127.64,1.21%,"17,217,212"
303,QCOM,-7.59%,-15.67%,-9.80%,-15.61%,-12.42%,-30.73%,3.21%,3.10%,2.00,8.23M,0.44,127.85,0.93%,"1,594,797"
304,GPN,1.21%,-1.30%,-2.20%,3.00%,-20.05%,-6.55%,2.41%,2.11%,1.90,1.73M,1.26,128.37,1.61%,"951,882"
305,DOV,0.69%,-4.27%,-3.66%,-12.63%,-26.65%,-29.34%,2.29%,1.89%,2.20,915.44K,1.48,128.67,0.28%,"594,148"
306,HLT,-2.01%,-2.65%,-12.15%,-1.72%,3.08%,-18.67%,3.03%,2.15%,2.30,1.99M,0.48,128.95,1.64%,"416,753"
307,CPT,-1.81%,-5.24%,-6.97%,-23.56%,-15.22%,-27.19%,2.68%,1.91%,2.10,766.63K,0.57,129.80,-0.22%,"191,480"
308,A,0.93%,-3.23%,1.31%,-0.80%,-27.88%,-19.01%,2.04%,2.29%,-,1.47M,0.57,130.11,0.63%,"367,248"
309,FANG,-3.77%,12.36%,-12.48%,3.30%,83.80%,28.77%,3.49%,3.76%,1.90,2.99M,0.78,131.93,-1.55%,"1,022,893"
310,PKI,-3.02%,-14.00%,-11.18%,-23.26%,-30.60%,-34.25%,1.96%,2.49%,2.50,704.29K,0.57,132.46,0.20%,"175,736"
311,MRNA,-5.23%,-30.38%,-7.09%,2.86%,-68.78%,-48.78%,5.21%,5.01%,2.50,4.98M,1.01,133.41,2.56%,"2,189,311"
312,DTE,-1.72%,1.63%,-1.03%,3.22%,8.65%,9.75%,1.94%,1.43%,2.20,904.10K,0.65,134.04,2.16%,"255,857"
313,WMT,-0.41%,4.55%,5.98%,-6.59%,-11.33%,-8.54%,1.92%,1.84%,2.00,8.36M,0.63,134.45,1.59%,"2,287,446"
314,NUE,-3.66%,-1.60%,3.85%,1.93%,17.89%,17.78%,3.69%,2.83%,2.90,2.12M,0.51,134.74,0.22%,"473,004"
315,NVDA,-14.78%,-29.09%,-28.32%,-36.94%,-41.05%,-54.22%,5.07%,4.59%,2.00,53.08M,1.15,135.58,0.69%,"26,731,183"
316,PG,-4.28%,-6.28%,-6.67%,-11.26%,-5.85%,-17.09%,2.30%,1.55%,2.40,6.94M,0.59,136.72,0.80%,"1,799,649"
317,ABBV,1.39%,-0.33%,-6.10%,-7.94%,23.27%,1.62%,2.17%,1.83%,2.20,5.57M,0.61,137.92,0.24%,"1,477,988"
318,PKG,-1.23%,0.71%,-15.33%,-6.19%,-10.67%,0.02%,1.92%,1.75%,2.50,649.85K,0.68,138.54,1.73%,"192,174"
319,ETN,-1.60%,-6.86%,-2.05%,-5.03%,-16.78%,-19.88%,2.69%,1.96%,2.20,1.60M,0.93,139.60,0.82%,"651,584"
320,SJM,-2.37%,4.17%,12.47%,2.07%,14.94%,2.07%,2.15%,1.82%,3.30,855.24K,0.49,139.93,0.94%,"183,977"
322,DLTR,0.66%,-16.16%,-14.33%,-1.81%,49.02%,-1.57%,2.53%,2.78%,2.40,2.33M,0.90,142.00,2.67%,"914,850"
323,TMUS,-2.06%,-1.83%,3.46%,16.02%,4.35%,22.36%,2.16%,1.89%,1.80,4.15M,0.59,143.97,1.45%,"1,078,738"
324,CLX,-1.66%,2.68%,4.14%,-1.91%,-15.81%,-18.15%,2.36%,1.93%,3.50,1.21M,0.60,146.18,2.44%,"320,155"
325,RSG,-0.98%,1.52%,8.11%,12.57%,14.81%,3.30%,1.62%,1.52%,2.10,1.02M,1.29,146.57,1.75%,"572,111"
326,ABC,-1.00%,3.33%,-0.59%,0.81%,16.69%,9.88%,1.89%,2.06%,2.30,1.07M,0.35,147.07,0.72%,"162,512"
327,AXP,-3.84%,-5.66%,-11.03%,-6.62%,-6.72%,-9.17%,2.85%,1.98%,2.30,3.33M,0.34,150.10,1.01%,"498,489"
328,ADI,-4.48%,-16.37%,-10.31%,1.33%,-8.75%,-15.67%,2.87%,2.59%,1.90,3.32M,0.49,150.10,1.26%,"711,671"
329,FRC,-3.50%,-9.64%,-4.00%,-6.51%,-26.70%,-28.26%,2.58%,1.89%,2.30,1.03M,0.26,150.15,1.34%,"118,635"
330,AWK,-2.12%,-4.64%,-4.31%,-6.78%,-19.84%,-21.41%,2.65%,1.96%,2.70,755.06K,0.66,151.25,1.91%,"218,940"
331,BA,-7.88%,-7.66%,9.44%,-9.92%,-30.15%,-24.30%,3.90%,2.85%,-,8.67M,0.50,152.66,0.18%,"1,908,749"
332,WHR,-4.21%,-10.36%,-14.10%,-20.46%,-33.15%,-35.65%,2.79%,2.81%,2.90,885.40K,0.43,152.70,1.13%,"166,009"
333,CRM,-5.30%,-20.22%,-17.03%,-22.68%,-43.19%,-40.30%,3.18%,2.97%,1.80,6.31M,0.74,152.90,0.78%,"2,051,385"
334,ARE,-1.95%,-4.45%,-6.09%,-19.41%,-26.75%,-31.53%,2.18%,1.86%,1.70,1.12M,0.24,153.06,0.26%,"119,441"
335,CVX,-4.56%,2.27%,-11.15%,-3.04%,61.17%,33.89%,2.49%,2.06%,2.30,9.60M,0.88,153.90,-2.05%,"3,699,223"
336,AAPL,-4.24%,-6.54%,5.74%,-2.99%,0.15%,-12.98%,2.68%,1.92%,1.90,73.41M,1.07,154.84,0.20%,"34,235,236"
337,MAR,-2.15%,-2.96%,-14.21%,2.91%,14.56%,-7.79%,2.78%,2.20%,2.40,2.08M,0.73,155.01,1.73%,"661,425"
338,FFIV,-3.55%,-10.08%,-6.90%,-21.03%,-23.87%,-36.66%,2.36%,2.05%,2.70,505.36K,0.47,155.66,0.42%,"104,168"
339,PNC,-2.34%,-6.39%,-9.65%,-12.50%,-18.35%,-22.02%,2.22%,1.80%,2.50,1.84M,0.80,158.21,1.18%,"645,333"
340,TT,0.43%,1.41%,13.22%,8.29%,-21.72%,-22.53%,2.59%,2.06%,3.00,1.39M,0.44,158.32,1.15%,"265,962"
342,META,-0.40%,-5.13%,-18.38%,-15.43%,-57.86%,-52.86%,3.92%,3.23%,2.10,28.23M,0.61,158.64,0.06%,"7,548,715"
343,AIZ,-1.48%,2.17%,-13.39%,-5.70%,-6.87%,1.80%,2.02%,1.79%,1.80,435.86K,0.42,160.02,0.86%,"80,939"
344,GPC,0.15%,4.25%,12.70%,32.72%,28.82%,12.26%,1.64%,1.60%,2.80,839.30K,1.65,160.49,1.97%,"605,746"
345,NXPI,-3.09%,-11.51%,-10.70%,-5.29%,-24.53%,-29.43%,3.22%,3.20%,2.20,2.72M,0.32,162.68,1.20%,"378,552"
346,JNJ,0.11%,-4.63%,-7.49%,-5.24%,-6.78%,-4.61%,1.90%,1.48%,2.40,6.80M,0.63,163.40,0.13%,"1,874,285"
347,TRV,-2.10%,1.84%,-8.53%,-4.66%,1.70%,3.48%,1.92%,1.54%,2.80,1.16M,0.60,163.62,1.07%,"305,689"
348,MMC,-1.69%,-2.43%,2.27%,6.43%,1.30%,-7.05%,2.16%,1.53%,2.60,1.78M,0.44,163.77,1.36%,"345,923"
349,TXN,-2.88%,-11.50%,-2.78%,-1.09%,-14.10%,-13.46%,2.74%,2.34%,2.70,5.38M,0.79,166.13,1.86%,"1,861,252"
350,VMC,-2.85%,-4.42%,-1.39%,-3.39%,-8.82%,-20.80%,2.56%,2.00%,2.00,704.11K,0.43,167.03,1.59%,"133,712"
351,KEYS,-1.70%,-2.23%,11.53%,11.34%,-9.79%,-20.81%,2.20%,1.97%,2.00,855.30K,1.36,167.83,2.63%,"508,750"
352,ECL,-1.15%,-2.08%,-4.00%,2.84%,-27.59%,-30.50%,2.55%,2.00%,2.60,1.10M,1.17,167.97,3.03%,"565,313"
353,JBHT,-4.82%,-8.93%,-7.65%,-16.37%,-7.66%,-18.19%,2.93%,2.36%,2.10,704.13K,0.71,168.42,0.72%,"217,650"
354,BR,-3.43%,0.01%,15.49%,13.98%,-1.69%,-8.18%,2.41%,2.06%,2.90,480.50K,0.63,168.56,0.41%,"132,454"
355,MAA,-1.75%,-6.76%,-3.93%,-21.05%,-14.65%,-27.04%,2.45%,1.83%,2.40,585.71K,0.54,168.73,0.79%,"137,608"
356,TGT,3.08%,-1.53%,2.45%,-22.49%,-33.04%,-29.32%,2.80%,2.80%,2.10,4.81M,0.94,169.23,3.45%,"1,972,978"
357,CDNS,-4.01%,-10.04%,4.70%,11.58%,1.27%,-9.94%,2.72%,2.03%,2.00,1.58M,0.63,169.71,1.12%,"434,380"
358,CDW,-4.85%,-5.74%,-3.62%,2.38%,-16.44%,-17.29%,2.41%,2.16%,1.80,739.38K,0.41,170.83,0.86%,"132,998"
359,SBNY,-5.43%,-10.10%,-24.62%,-39.42%,-35.70%,-47.95%,3.29%,3.08%,1.60,869.10K,0.73,171.20,1.68%,"279,067"
360,CCI,-2.43%,-5.14%,-8.42%,-4.27%,-14.75%,-18.93%,2.43%,2.01%,2.40,1.51M,0.62,171.62,1.41%,"411,337"
362,SRE,-0.27%,5.03%,4.13%,9.81%,25.80%,26.87%,2.10%,1.49%,2.10,1.42M,0.75,172.25,2.63%,"464,577"
363,WM,-1.50%,0.20%,7.10%,8.54%,8.85%,1.35%,1.43%,1.32%,2.40,1.50M,1.08,172.35,1.89%,"709,331"
364,AAP,1.64%,-10.38%,-9.12%,-13.89%,-13.09%,-27.74%,2.40%,2.38%,2.20,765.81K,0.50,177.89,2.62%,"168,112"
365,CAT,-5.80%,-2.55%,-19.21%,-8.15%,-14.12%,-12.61%,2.64%,2.21%,2.50,2.93M,0.61,180.38,-0.15%,"785,193"
366,MTB,-2.47%,0.14%,0.65%,5.00%,28.83%,16.56%,2.05%,1.71%,2.20,971.58K,0.38,181.00,1.11%,"160,572"
367,AJG,-2.25%,1.34%,11.67%,17.05%,24.34%,6.62%,1.89%,1.54%,2.10,814.96K,0.94,183.74,1.57%,"335,945"
368,VRSN,-0.97%,-8.26%,2.55%,-15.15%,-17.23%,-28.18%,2.55%,2.11%,2.70,599.46K,1.01,185.51,1.77%,"264,394"
369,AVY,-1.32%,-5.05%,1.96%,15.73%,-18.69%,-15.26%,2.16%,1.78%,2.00,454.46K,0.49,185.69,1.18%,"97,150"
370,HON,-3.54%,-3.47%,-4.91%,1.89%,-18.72%,-10.99%,2.27%,1.60%,2.20,2.53M,0.48,187.74,1.16%,"532,274"
371,VRSK,-1.50%,-5.89%,7.08%,-0.43%,-8.97%,-18.38%,2.33%,1.81%,2.30,780.93K,0.38,189.33,1.41%,"129,519"
372,EFX,-2.45%,-11.80%,-6.06%,-13.98%,-32.66%,-36.00%,2.64%,2.11%,2.10,680.14K,0.33,189.86,1.32%,"98,739"
373,CB,-0.90%,2.76%,-10.23%,-4.27%,3.80%,-1.49%,1.90%,1.49%,-,1.70M,0.49,192.91,1.30%,"364,475"
374,UPS,-0.66%,-0.41%,4.73%,-2.59%,-0.70%,-8.58%,2.11%,1.78%,2.40,2.77M,1.07,193.79,-1.11%,"1,293,359"
375,TSCO,-1.10%,-0.70%,-5.55%,-17.34%,-5.41%,-21.19%,2.74%,2.29%,2.10,1.10M,0.94,194.08,3.21%,"452,843"
376,JKHY,-0.74%,-7.89%,4.31%,5.84%,10.62%,16.42%,2.23%,2.01%,2.80,473.62K,0.72,198.04,1.87%,"148,995"
377,LOW,-4.03%,-3.07%,-1.94%,-13.18%,-6.32%,-25.35%,2.47%,2.69%,2.00,3.66M,0.88,198.32,2.78%,"1,415,102"
378,CME,1.35%,-2.04%,-0.67%,-15.99%,2.86%,-13.32%,2.57%,2.18%,2.40,1.42M,0.68,198.36,0.17%,"420,639"
379,BIIB,-1.23%,-10.77%,-1.23%,-5.39%,-41.64%,-18.85%,2.66%,2.34%,2.40,941.87K,0.59,198.37,1.89%,"242,202"
380,V,-1.82%,-7.98%,-6.72%,4.16%,-11.76%,-8.34%,2.20%,1.95%,1.80,5.92M,0.56,198.67,0.02%,"1,454,309"
382,STE,-0.57%,-6.88%,-11.05%,-17.30%,-9.38%,-18.91%,1.87%,1.92%,1.70,486.76K,0.49,199.68,1.16%,"104,122"
383,ITW,0.51%,-6.27%,-5.10%,-4.35%,-13.56%,-19.96%,2.21%,1.84%,2.90,1.06M,0.82,200.14,1.31%,"380,576"
384,ADSK,-3.66%,-10.61%,-5.00%,-0.46%,-31.37%,-29.52%,3.42%,2.85%,1.90,1.48M,0.78,201.40,1.62%,"502,318"
385,ILMN,-4.36%,-10.17%,-11.29%,-36.45%,-56.95%,-47.16%,4.83%,4.82%,2.70,1.60M,0.82,202.21,0.59%,"570,287"
386,IEX,-1.89%,-5.19%,3.04%,6.66%,-9.72%,-14.98%,2.02%,1.60%,2.10,363.68K,0.94,202.49,0.78%,"150,223"
387,EXR,-1.39%,2.66%,15.64%,1.11%,4.52%,-10.70%,2.46%,1.93%,2.30,613.64K,0.39,203.26,0.39%,"103,838"
388,CRL,-1.70%,-10.39%,-18.31%,-24.88%,-55.48%,-46.88%,2.76%,3.17%,1.70,522.17K,0.56,204.18,2.01%,"127,316"
389,ISRG,-3.16%,-15.82%,-6.53%,-30.88%,-43.37%,-43.70%,2.91%,2.54%,2.10,1.98M,0.61,207.59,2.61%,"531,073"
390,SYK,-1.97%,-6.05%,-11.14%,-20.00%,-26.72%,-24.19%,2.34%,2.10%,2.30,1.42M,0.60,207.69,2.45%,"373,048"
391,WTW,-0.71%,-1.86%,-1.61%,-5.85%,-10.33%,-13.71%,1.97%,1.79%,-,650.63K,0.41,207.75,1.38%,"115,967"
392,AVB,0.70%,1.08%,3.15%,-15.31%,-11.05%,-18.00%,2.46%,1.99%,2.60,708.90K,0.51,208.65,0.73%,"157,564"
393,HCA,-1.65%,-5.69%,-2.01%,-22.75%,-20.65%,-21.88%,3.03%,2.37%,1.90,1.73M,0.78,209.38,4.32%,"590,359"
394,FLT,-4.24%,-7.76%,-15.52%,-4.60%,-20.19%,-6.61%,2.33%,2.25%,2.20,569.51K,0.33,210.14,0.53%,"81,373"
395,IQV,-3.92%,-10.68%,-5.04%,-3.23%,-20.35%,-25.69%,2.66%,2.22%,1.60,980.38K,0.61,211.70,0.97%,"259,555"
396,CMI,-4.00%,-3.45%,-0.10%,12.05%,-10.95%,-2.61%,2.21%,1.72%,2.40,887.15K,0.60,214.57,1.00%,"234,425"
397,SNA,-1.95%,-2.64%,-2.01%,6.35%,-4.31%,0.80%,1.98%,1.63%,2.70,289.22K,0.68,220.75,1.68%,"86,147"
398,NFLX,-2.75%,-3.70%,10.78%,-37.65%,-63.02%,-63.75%,4.86%,3.84%,2.70,9.64M,0.81,223.80,2.48%,"3,403,936"
399,GD,-3.92%,-1.84%,-2.33%,-9.20%,10.91%,7.71%,1.99%,1.72%,2.20,1.08M,0.38,225.97,0.63%,"180,960"
400,HSY,-2.26%,-1.92%,5.36%,4.39%,25.15%,15.13%,2.06%,1.49%,2.60,918.18K,0.74,226.12,1.52%,"297,944"
402,TFX,-0.10%,-11.52%,-21.88%,-36.16%,-44.36%,-32.51%,2.24%,2.30%,2.30,409.65K,0.52,228.03,2.86%,"92,865"
403,UNP,-1.91%,-0.28%,1.25%,-12.81%,6.08%,-9.51%,2.21%,1.71%,2.20,2.44M,1.15,228.57,0.26%,"1,229,686"
404,GNRC,-2.59%,-9.12%,-20.69%,-27.80%,-50.30%,-35.92%,5.51%,4.41%,1.60,948.58K,0.66,228.83,1.47%,"274,405"
405,NDSN,-2.65%,-2.59%,1.94%,3.63%,-6.59%,-11.64%,1.87%,1.93%,2.30,217.85K,0.51,229.33,1.68%,"48,804"
406,HII,-2.82%,0.66%,7.80%,4.73%,12.75%,22.67%,1.96%,1.88%,2.80,343.43K,0.78,230.90,0.79%,"117,791"
407,LH,-1.55%,-11.22%,-6.56%,-15.24%,-26.27%,-28.04%,1.96%,2.04%,1.70,673.14K,0.95,231.62,2.44%,"280,771"
408,LHX,-1.50%,-2.05%,-4.70%,-15.13%,-0.85%,7.75%,2.03%,2.08%,-,939.29K,0.81,232.14,1.03%,"333,366"
409,SHW,-2.41%,-3.67%,-16.96%,-6.00%,-25.71%,-35.15%,2.02%,2.30%,2.60,1.66M,0.87,234.86,2.84%,"628,422"
410,PXD,-6.13%,13.48%,-11.60%,6.65%,73.53%,40.62%,2.99%,3.08%,2.10,2.74M,0.77,236.34,-1.11%,"927,168"
411,ADP,-4.32%,-3.67%,8.49%,14.28%,14.83%,-3.42%,2.26%,1.66%,3.00,1.51M,1.13,238.59,0.19%,"748,096"
412,MKTX,0.04%,-8.19%,-13.80%,-31.47%,-48.95%,-41.02%,3.47%,2.76%,3.10,320.96K,0.94,239.70,-1.19%,"131,906"
413,ROK,0.14%,-5.54%,10.89%,-9.93%,-26.46%,-31.70%,2.56%,2.28%,2.70,910.46K,0.23,240.55,0.96%,"90,874"
414,NSC,-4.74%,-4.43%,-1.95%,-13.80%,-4.19%,-19.41%,2.36%,1.85%,2.40,1.19M,0.74,241.46,0.65%,"384,060"
415,DG,0.49%,-5.24%,3.16%,17.72%,7.80%,1.69%,1.92%,2.16%,2.10,1.65M,1.18,243.86,1.69%,"852,935"
416,AMGN,1.19%,-1.64%,-1.31%,3.35%,7.00%,7.67%,1.71%,1.52%,2.60,2.90M,0.44,244.30,0.86%,"558,758"
417,ALGN,-3.63%,-18.68%,-11.16%,-45.13%,-66.88%,-63.63%,4.34%,4.26%,2.10,918.47K,0.45,244.50,2.31%,"179,321"
418,EL,-5.27%,-9.08%,-7.35%,-6.72%,-27.99%,-33.51%,2.70%,2.69%,2.10,1.26M,0.94,244.91,-0.50%,"517,959"
419,ANSS,-3.94%,-15.49%,-6.82%,-21.12%,-34.51%,-39.85%,3.09%,2.33%,2.50,474.99K,0.48,245.67,1.83%,"99,039"
420,STZ,-2.28%,0.22%,-0.40%,14.98%,15.61%,-2.42%,2.06%,2.09%,2.00,995.81K,0.40,245.87,0.40%,"172,660"
422,APD,-5.57%,-6.27%,-4.38%,11.14%,-8.24%,-19.09%,2.14%,1.68%,2.50,1.09M,0.74,249.50,1.35%,"352,060"
423,MSFT,-4.52%,-10.48%,-5.77%,-9.20%,-15.90%,-24.70%,2.64%,1.89%,1.70,25.10M,0.71,255.69,0.96%,"7,818,321"
424,AMT,-2.13%,-6.62%,-4.93%,9.55%,-15.84%,-13.10%,2.65%,2.05%,2.00,1.64M,0.35,256.01,0.72%,"251,310"
425,BDX,-0.93%,-0.85%,-2.57%,-6.34%,0.28%,2.81%,1.58%,1.68%,2.40,939.13K,0.97,256.76,1.86%,"399,495"
426,MCD,-0.50%,-1.87%,2.55%,13.40%,6.52%,-5.10%,1.66%,1.38%,2.10,2.49M,1.13,258.35,1.56%,"1,230,798"
427,ABMD,2.69%,-9.47%,1.46%,-11.64%,-29.19%,-26.53%,3.25%,2.91%,2.50,265.78K,0.68,266.29,0.91%,"78,994"
428,ODFL,-2.78%,-10.28%,1.10%,-9.94%,-9.68%,-24.10%,3.51%,2.75%,2.70,825.14K,1.68,267.53,-1.64%,"604,840"
429,PH,-2.48%,-8.98%,-4.06%,-1.98%,-8.06%,-16.22%,2.53%,2.05%,2.00,762.92K,0.26,268.95,0.91%,"86,580"
430,ESS,-0.23%,-3.22%,-2.45%,-21.38%,-19.61%,-23.41%,2.00%,1.85%,2.50,420.87K,0.27,271.89,0.78%,"50,340"
431,ALB,-6.41%,12.06%,3.46%,54.98%,10.27%,14.09%,4.36%,3.82%,2.30,1.27M,0.89,272.35,2.12%,"497,505"
432,AMP,-0.98%,-0.21%,-2.11%,1.35%,-1.42%,-11.00%,2.48%,1.92%,2.20,585.56K,0.69,273.79,1.97%,"176,901"
433,DHR,-1.52%,-6.04%,3.31%,3.60%,-18.03%,-17.18%,2.56%,2.00%,1.90,2.10M,0.61,274.41,0.71%,"563,645"
434,BRK-B,-3.78%,-5.30%,-11.39%,-14.29%,-1.88%,-7.49%,2.20%,1.85%,2.80,4.09M,0.61,277.99,0.51%,"1,097,967"
435,RE,0.83%,7.33%,-3.85%,2.64%,6.92%,0.18%,1.79%,1.54%,-,230.72K,0.69,279.66,1.92%,"69,127"
436,TSLA,-3.65%,-4.77%,15.17%,2.32%,12.23%,-22.10%,4.47%,3.92%,2.40,83.29M,0.68,280.22,2.11%,"24,920,607"
437,LIN,-3.68%,-8.29%,-17.46%,2.20%,-11.64%,-20.06%,2.29%,1.70%,1.70,2.40M,0.48,281.63,1.69%,"501,705"
438,ACN,-3.96%,-8.37%,-6.98%,-7.07%,-17.44%,-31.62%,2.59%,1.84%,-,2.04M,0.96,283.74,0.10%,"857,711"
439,VRTX,-0.86%,-3.07%,4.17%,18.53%,40.96%,27.13%,2.62%,2.67%,2.10,1.49M,0.52,283.80,1.65%,"336,120"
440,AON,-0.59%,-2.19%,3.44%,-2.48%,-3.50%,-6.43%,2.20%,1.76%,2.90,847.28K,0.45,285.38,1.48%,"166,465"
442,CI,-0.68%,1.24%,10.43%,19.93%,31.50%,24.22%,1.85%,1.71%,2.10,1.92M,0.53,290.48,1.83%,"444,603"
443,ZBRA,-5.84%,-12.59%,-13.56%,-24.03%,-50.91%,-51.29%,4.27%,3.12%,2.20,393.15K,0.76,292.39,0.85%,"130,317"
444,IT,-0.16%,-1.70%,8.73%,12.78%,-7.32%,-13.13%,2.72%,2.13%,2.10,439.34K,0.31,292.66,0.77%,"59,642"
445,WST,-3.50%,-14.84%,-5.83%,-21.96%,-37.34%,-37.95%,2.56%,2.24%,2.10,389.38K,0.44,293.22,0.76%,"74,533"
446,URI,-3.04%,-9.69%,-4.94%,-2.07%,-16.87%,-12.10%,3.24%,2.58%,2.20,741.25K,0.48,293.64,0.54%,"155,543"
447,HD,-2.29%,-6.51%,-4.72%,-10.30%,-12.35%,-30.23%,2.30%,2.28%,2.10,3.55M,0.50,294.09,1.57%,"775,083"
448,WAT,-1.42%,-11.83%,-11.65%,-5.52%,-29.64%,-20.05%,2.53%,2.46%,2.80,358.54K,0.32,300.19,0.77%,"50,837"
449,SEDG,-0.39%,-11.77%,-9.29%,-6.55%,-2.60%,-0.78%,4.75%,4.64%,2.00,986.89K,2.00,301.53,8.32%,"864,177"
450,COO,1.68%,-10.50%,-14.05%,-26.18%,-35.04%,-29.30%,3.21%,2.47%,2.20,309.68K,0.96,304.12,2.68%,"130,410"
451,LLY,-1.07%,1.83%,1.14%,17.27%,18.22%,11.08%,2.89%,2.37%,2.00,2.67M,0.80,310.90,1.33%,"933,388"
452,ENPH,2.81%,-2.69%,41.48%,84.38%,68.35%,60.06%,5.76%,4.90%,2.00,3.19M,2.74,311.49,6.38%,"3,825,851"
453,MA,-1.60%,-9.35%,-10.01%,3.57%,-4.75%,-9.81%,2.25%,1.98%,1.80,2.69M,0.57,323.28,-0.25%,"669,147"
454,SBAC,-3.58%,-7.48%,-4.23%,-3.71%,-12.80%,-17.85%,2.56%,2.23%,2.20,576.34K,0.53,324.24,1.46%,"132,607"
455,TECH,-1.30%,-14.08%,-9.46%,-18.01%,-35.87%,-36.40%,2.19%,2.67%,1.90,217.97K,0.93,327.81,-0.37%,"88,928"
456,SNPS,-5.95%,-12.68%,-0.60%,10.62%,-2.91%,-11.31%,3.19%,2.42%,1.80,976.43K,0.59,328.50,0.51%,"251,904"
457,GS,-2.23%,-2.44%,1.87%,1.43%,-20.62%,-14.65%,2.41%,1.84%,2.20,2.38M,0.43,328.89,0.73%,"443,254"
458,KLAC,-6.45%,-16.47%,-8.80%,5.23%,-3.27%,-23.14%,3.32%,3.21%,2.00,1.43M,0.71,336.28,1.72%,"447,109"
459,PSA,-0.38%,2.47%,9.50%,-6.11%,6.77%,-5.71%,2.61%,1.88%,2.00,690.17K,0.70,339.42,0.01%,"211,104"
460,POOL,-2.54%,-10.22%,-18.50%,-25.71%,-32.49%,-40.73%,3.02%,3.05%,2.20,419.76K,0.39,342.05,1.96%,"72,185"
462,MLM,-4.14%,-4.60%,-2.36%,-5.68%,-9.32%,-22.92%,2.79%,2.16%,2.10,425.78K,0.36,345.53,1.76%,"66,414"
463,IDXX,-2.10%,-16.20%,-8.19%,-33.94%,-50.35%,-48.10%,3.03%,3.16%,2.30,576.64K,0.47,349.59,2.30%,"118,395"
464,PAYC,-1.50%,-6.51%,14.54%,14.79%,-30.29%,-16.68%,2.91%,2.70%,2.10,387.91K,0.32,349.80,1.12%,"54,358"
465,SPGI,-1.17%,-5.27%,5.36%,-7.48%,-21.08%,-24.40%,2.57%,2.00%,1.80,1.92M,0.51,359.62,0.79%,"431,742"
466,DPZ,-4.16%,-6.49%,-3.84%,-9.32%,-29.49%,-35.72%,2.40%,2.31%,2.50,552.37K,0.62,361.96,-0.22%,"150,917"
467,MCK,-0.61%,4.07%,13.58%,29.59%,74.91%,45.15%,2.18%,1.99%,1.90,1.04M,0.50,363.61,0.78%,"228,618"
468,DE,-5.14%,5.17%,-0.51%,-2.15%,-7.26%,5.30%,2.56%,2.56%,2.20,1.57M,0.49,364.56,0.97%,"339,538"
469,TYL,-3.29%,-13.21%,2.01%,-10.94%,-25.51%,-32.41%,2.51%,2.11%,1.90,212.57K,0.45,369.28,1.56%,"41,916"
470,TDY,-2.92%,-8.09%,-9.84%,-15.70%,-18.29%,-16.06%,2.08%,1.88%,2.10,247.37K,0.65,372.14,1.48%,"70,714"
471,ADBE,-1.85%,-15.03%,-14.24%,-15.91%,-44.75%,-35.05%,2.93%,2.48%,1.90,2.65M,0.66,374.62,1.72%,"763,634"
472,SIVB,-5.23%,-7.16%,-20.61%,-22.40%,-32.87%,-43.44%,4.00%,3.42%,2.00,547.15K,0.38,391.18,1.97%,"91,484"
473,ROP,-2.99%,-8.10%,-6.65%,-10.84%,-18.37%,-19.30%,2.17%,1.80%,2.30,504.57K,0.52,402.15,1.32%,"114,352"
474,CHTR,-5.09%,-14.25%,-18.10%,-28.55%,-51.07%,-39.11%,3.19%,2.98%,2.50,1.23M,0.88,402.50,1.39%,"471,613"
475,EPAM,-1.24%,-3.87%,23.71%,135.03%,-36.15%,-38.54%,3.71%,3.33%,1.60,484.05K,0.34,413.57,0.67%,"72,440"
476,LMT,-2.77%,-2.02%,-5.78%,-10.38%,17.35%,17.55%,1.55%,1.67%,2.50,1.19M,1.22,418.09,0.07%,"638,628"
477,MPWR,-9.28%,-21.31%,-10.13%,9.80%,-16.58%,-15.09%,4.92%,3.73%,1.80,496.12K,0.59,422.55,0.87%,"128,958"
478,CTAS,-0.56%,-2.35%,4.08%,11.49%,4.32%,-6.66%,2.04%,1.51%,2.20,431.79K,0.92,422.89,2.23%,"172,851"
479,LRCX,-4.00%,-17.93%,-17.34%,-12.75%,-30.12%,-40.66%,3.25%,3.69%,2.10,1.41M,0.68,429.01,0.53%,"419,382"
480,INTU,-4.13%,-10.71%,2.39%,-4.26%,-25.65%,-34.90%,3.06%,2.57%,1.70,1.58M,0.77,429.98,2.68%,"529,316"
482,NOW,-1.22%,-13.01%,-12.60%,-17.16%,-36.57%,-33.68%,3.34%,2.89%,1.70,1.61M,0.36,438.64,1.90%,"250,874"
483,FDS,-1.12%,3.09%,15.50%,5.70%,13.08%,-10.21%,2.36%,1.82%,3.10,234.43K,0.40,441.05,1.07%,"41,154"
484,MSCI,0.37%,-7.76%,4.34%,-2.08%,-29.67%,-25.30%,2.75%,2.30%,2.40,419.42K,0.61,464.91,1.58%,"112,405"
485,ELV,-2.36%,0.39%,-4.11%,4.94%,25.95%,2.90%,2.21%,2.07%,2.00,947.71K,0.65,481.00,0.84%,"268,394"
486,HUM,-1.77%,-0.93%,7.98%,12.35%,15.39%,3.38%,1.74%,1.71%,2.00,793.23K,0.73,481.55,0.42%,"254,938"
487,NOC,-1.25%,0.45%,0.18%,0.37%,31.10%,23.94%,1.61%,1.82%,2.40,730.82K,0.54,482.87,0.65%,"173,393"
488,BIO,-2.13%,-11.44%,-10.67%,-13.13%,-41.70%,-36.75%,2.71%,2.77%,1.50,146.91K,0.40,484.61,1.40%,"25,784"
489,AVGO,-3.11%,-9.65%,-11.23%,-12.70%,0.10%,-25.13%,3.14%,2.69%,1.90,2.02M,0.70,502.85,0.93%,"615,629"
490,UNH,-2.28%,-3.25%,5.61%,6.33%,22.42%,3.09%,2.05%,1.71%,1.80,3.00M,0.50,520.03,0.45%,"652,536"
491,COST,-2.29%,-4.03%,9.83%,-1.82%,12.18%,-8.60%,2.42%,2.02%,2.10,2.18M,0.57,523.49,0.89%,"540,457"
492,TMO,-2.07%,-7.64%,-1.40%,1.94%,-4.04%,-18.30%,2.22%,1.76%,1.90,1.16M,0.90,548.53,0.62%,"455,929"
493,GWW,-0.72%,0.97%,12.57%,14.35%,30.66%,8.33%,1.88%,1.65%,2.50,297.99K,0.69,566.26,0.87%,"89,372"
494,REGN,-3.17%,-6.46%,-5.76%,-7.21%,-15.54%,-9.11%,3.30%,2.50%,2.40,598.07K,0.89,589.49,2.70%,"232,667"
495,TDG,-3.44%,-3.10%,-0.94%,4.48%,2.69%,-2.79%,2.70%,2.16%,2.10,291.54K,0.38,605.38,0.66%,"48,401"
496,EQIX,-4.17%,-9.41%,-8.74%,-10.13%,-28.43%,-25.30%,2.49%,2.21%,2.00,461.06K,0.44,638.41,1.04%,"89,290"
497,BLK,-2.11%,-4.93%,-2.03%,-2.28%,-29.41%,-27.73%,2.74%,2.29%,1.90,690.09K,0.48,668.59,1.05%,"144,506"
498,ORLY,0.39%,-0.21%,10.93%,7.13%,20.99%,0.18%,1.58%,1.71%,2.10,482.46K,0.76,721.51,1.98%,"159,668"
499,MTD,-0.78%,-9.28%,-6.24%,-8.71%,-22.38%,-27.96%,2.17%,2.16%,2.90,117.58K,0.35,1234.01,0.92%,"17,741"
500,CMG,-0.27%,2.11%,18.72%,23.46%,-14.87%,-6.50%,2.84%,2.22%,1.90,242.89K,0.53,1652.39,1.09%,"56,732"
502,AZO,-1.68%,-2.93%,1.51%,14.54%,38.62%,1.64%,1.70%,1.87%,2.10,153.43K,0.83,2179.00,2.26%,"55,966"
503,NVR,-4.11%,-7.33%,-8.57%,-14.17%,-20.79%,-31.63%,2.73%,2.75%,2.70,18.71K,0.88,4087.33,1.17%,"7,195"
